tiet,time
1,07:00:00.0000000
2,07:55:00.0000000
3,08:55:00.0000000
4,09:55:00.0000000
5,10:50:00.0000000
99,04:19:00.0000000
